Order No,Phone No.,Name,Branch
1001,9876543210,Rajesh Kumar,Computer Science
1002,9876543211,Anjali Singh,Mechanical Engineering
1003,9876543212,Vivek Sharma,Electrical Engineering
1004,9876543213,Priya Gupta,Civil Engineering
1005,9876543214,Ankit Raj,Computer Science
1006,9876543215,Ritu Verma,Electrical Engineering
1007,9876543216,Suresh Yadav,Electrical Engineering
1008,9876543217,Neha Mishra,Civil Engineering
1009,9876543218,Amit Kumar,Electronics Engineering
1010,9876543219,Suman Roy,Computer Science
1011,9876543220,Pooja Jha,Mechanical Engineering
1012,9876543221,Rohit Singh,Electrical Engineering
1013,9876543222,Shreya Das,Civil Engineering
1014,9876543223,Nikhil Tiwari,Electronics Engineering
1015,9876543224,Kavita Joshi,Electrical Engineering
1016,9876543225,Deepak Singh,Electronics Engineering
1017,9876543226,Aditi Sharma,Civil Engineering
1018,9876543227,Manish Verma,Electronics Engineering
1019,9876543228,Sonali Sen,Computer Science
1020,9876543229,Vikash Kumar,Mechanical Engineering
